name,growths_hp,growths_str,growths_mag,growths_dex,growths_spd,growths_lck,growths_def,growths_res,growths_cha
Byleth,45,45,35,45,45,45,35,30,45
Claude ,35,40,25,60,55,45,30,25,55
Lorenz ,55,40,40,45,40,25,30,40,35
Hilda ,50,45,25,30,50,35,35,20,50
Raphael ,65,50,15,35,15,35,45,10,25
Lysithea ,20,15,60,60,50,15,10,25,25
Ignatz ,35,35,30,50,50,55,25,35,25
Marianne ,35,20,50,40,40,35,15,45,40
Leonie ,40,40,20,55,60,40,40,15,40
